feature,importance
SVF,0.37071747
MBH,0.15999593
SCD,0.13471153
BSI,0.07576124
MBV,0.07349981
BU,0.065243095
FAR,0.061192617
BSA,0.058878276
