feature,importance
SVF,0.28130865
SCD,0.16935287
MBH,0.14314716
MBV,0.0917822
BSI,0.08152921
FAR,0.079757705
BU,0.07906683
BSA,0.0740554
