feature,importance
SVF,0.37656975
MBH,0.18628442
SCD,0.10787293
BU,0.07594884
BSI,0.07247027
MBV,0.07173049
FAR,0.054786876
BSA,0.054336432
