feature,importance
SVF,0.36513844
MBH,0.16187829
SCD,0.13590777
BSI,0.07597071
MBV,0.07405847
BU,0.06731597
FAR,0.0625705
BSA,0.0571599
